"","OTU","Sample","Abundance","group","loc","site","year","season","season2","state","depth","water","TOM","Bio","hCOM","lCOM","NO3","NO2","NH4","P","pH","Salinity","mcrA_DW","mean_temp","sd_temp","mean_hum","sd_hum","mean_precip","sd_precip","Drought_Status","Drought_Prop","season3","Month","Mean_GW","SD_GW","aerobic_ammonia_oxidation","Nutrient_Date","Domain","Kingdom","Group","Phylum","Class","Order","Family","Genus","Species"
"1","Dada80","X16S.18AugCD305",95489142.97,"18AugCD3","CD","C",18,"August","18-Aug","D","05-10 cm",28.06896552,246.6767328,20.76173635,107.5964083,104.6910972,3.6,0,2.7,0.1,6.96,1.51,169000,20.72795699,3.297677036,63.95698925,8.49171358,1.151612903,2.477077709,"Drought",1,"Summer",8,-81.96047439,6.347956157,0.37,"Original","Archaea","Archaea (superkingdom)","TACK","Thaumarchaeota","Nitrososphaeria","Ca. Nitrosotaleales","Ca. Nitrosotalea family incertae sedis","Ca. Nitrosotalea",NA
"2","Dada55","X16S.18OctPD105",80270270.27,"18OctPD1","PD","P",18,"October","18-Oct","D","05-10 cm",67.0212766,859.59,101,589.43,169.16,NA,0.14,27.29,2.38,6.3,0.23,956000,11.32258065,3.287567908,76.08602151,8.744084876,1.516129032,3.271095308,"Drought",1,"Autumn",10,-59.32242608,6.521863229,5.15,"March","Archaea","Archaea (superkingdom)","TACK","Thaumarchaeota","Nitrososphaeria","Ca. Nitrosotaleales","Ca. Nitrosotalea family incertae sedis","Ca. Nitrosotalea",NA
"3","Dada80","X16S.18JunCD305",58422147.79,"18JunCD3","CD","C",18,"June","18-Jun","D","05-10 cm",35.3,309.67,26.08,81.14,202.46,0.16,0.08,5.06,0.24,6.28,2.13,134000,18.56888889,2.326738354,66.12222222,10.96510779,0.836666667,3.00430534,"Drought",1,"Summer",6,-65.02782292,4.960389042,0.62,"March","Archaea","Archaea (superkingdom)","TACK","Thaumarchaeota","Nitrososphaeria","Ca. Nitrosotaleales","Ca. Nitrosotalea family incertae sedis","Ca. Nitrosotalea",NA
"4","Dada55","X16S.18JunPD105",55064614.09,"18JunPD1","PD","P",18,"June","18-Jun","D","05-10 cm",70.7,1497.76,125.41,757.69,614.66,5.31,0.38,17.98,2.92,6.49,0.23,643000,18.56888889,2.326738354,66.12222222,10.96510779,0.836666667,3.00430534,"Drought",1,"Summer",6,-59.09927431,4.650930397,3.39,"March","Archaea","Archaea (superkingdom)","TACK","Thaumarchaeota","Nitrososphaeria","Ca. Nitrosotaleales","Ca. Nitrosotalea family incertae sedis","Ca. Nitrosotalea",NA
"5","Dada1028","X16S.19FebPD105",40438453.56,"19FebPD1","PD","P",19,"February","19-Feb","D","05-10 cm",66.27,NA,NA,NA,NA,35.82,NA,9.57,3,6.32,NA,912000,5.196428571,2.708808058,77.70238095,10.91920922,0.953571429,2.090628497,"Non-drought",0,"Winter",2,-10.1771503,3.441690968,4.25,"April","Archaea","Archaea (superkingdom)","TACK","Thaumarchaeota","Nitrososphaeria","Nitrososphaerales",NA,NA,NA
"6","Dada3546","X16S.19FebPD105",37742556.66,"19FebPD1","PD","P",19,"February","19-Feb","D","05-10 cm",66.27,NA,NA,NA,NA,35.82,NA,9.57,3,6.32,NA,912000,5.196428571,2.708808058,77.70238095,10.91920922,0.953571429,2.090628497,"Non-drought",0,"Winter",2,-10.1771503,3.441690968,4.25,"April","Archaea","Archaea (superkingdom)","TACK","Thaumarchaeota","Nitrososphaeria","Nitrososphaerales",NA,NA,NA
"7","Dada80","X16S.18JunPD105",36914825.09,"18JunPD1","PD","P",18,"June","18-Jun","D","05-10 cm",70.7,1497.76,125.41,757.69,614.66,5.31,0.38,17.98,2.92,6.49,0.23,643000,18.56888889,2.326738354,66.12222222,10.96510779,0.836666667,3.00430534,"Drought",1,"Summer",6,-59.09927431,4.650930397,3.39,"March","Archaea","Archaea (superkingdom)","TACK","Thaumarchaeota","Nitrososphaeria","Ca. Nitrosotaleales","Ca. Nitrosotalea family incertae sedis","Ca. Nitrosotalea",NA
"8","Dada55","X16S.18AugPD105",35931036.14,"18AugPD1","PD","P",18,"August","18-Aug","D","05-10 cm",71.65384615,723.6720788,121.5518288,483.4089088,95.0616518,169.4,0.1,13.7,4.5,6.4,0.24,589000,20.72795699,3.297677036,63.95698925,8.49171358,1.151612903,2.477077709,"Drought",1,"Summer",8,-68.49962702,8.743766467,4.75,"Original","Archaea","Archaea (superkingdom)","TACK","Thaumarchaeota","Nitrososphaeria","Ca. Nitrosotaleales","Ca. Nitrosotalea family incertae sedis","Ca. Nitrosotalea",NA
"9","Dada643","X16S.18JunPD105",34453836.75,"18JunPD1","PD","P",18,"June","18-Jun","D","05-10 cm",70.7,1497.76,125.41,757.69,614.66,5.31,0.38,17.98,2.92,6.49,0.23,643000,18.56888889,2.326738354,66.12222222,10.96510779,0.836666667,3.00430534,"Drought",1,"Summer",6,-59.09927431,4.650930397,3.39,"March","Archaea","Archaea (superkingdom)","TACK","Thaumarchaeota","Nitrososphaeria","Ca. Nitrosotaleales","EU309863",NA,NA
"10","Dada55","X16S.18AprPD205",31670461.6,"18AprPD2","PD","P",18,"April","18-Apr","D","05-10 cm",75.6,763.42,171.9266667,455.2739394,76.98060606,4.6,0.3,4.2,0.6,6.04,0.1,541000,10.97777778,4.568686803,72.82222222,12.91876574,1.2,2.579494738,"Non-drought",0,"Spring",4,0.40478125,4.589609735,4.4,"Original","Archaea","Archaea (superkingdom)","TACK","Thaumarchaeota","Nitrososphaeria","Ca. Nitrosotaleales","Ca. Nitrosotalea family incertae sedis","Ca. Nitrosotalea",NA
"11","Dada1028","X16S.18OctPD105",28165007.11,"18OctPD1","PD","P",18,"October","18-Oct","D","05-10 cm",67.0212766,859.59,101,589.43,169.16,NA,0.14,27.29,2.38,6.3,0.23,956000,11.32258065,3.287567908,76.08602151,8.744084876,1.516129032,3.271095308,"Drought",1,"Autumn",10,-59.32242608,6.521863229,5.15,"March","Archaea","Archaea (superkingdom)","TACK","Thaumarchaeota","Nitrososphaeria","Nitrososphaerales",NA,NA,NA
"12","Dada80","X16S.18AugPD105",25472236.89,"18AugPD1","PD","P",18,"August","18-Aug","D","05-10 cm",71.65384615,723.6720788,121.5518288,483.4089088,95.0616518,169.4,0.1,13.7,4.5,6.4,0.24,589000,20.72795699,3.297677036,63.95698925,8.49171358,1.151612903,2.477077709,"Drought",1,"Summer",8,-68.49962702,8.743766467,4.75,"Original","Archaea","Archaea (superkingdom)","TACK","Thaumarchaeota","Nitrososphaeria","Ca. Nitrosotaleales","Ca. Nitrosotalea family incertae sedis","Ca. Nitrosotalea",NA
"13","Dada1028","X16S.18OctPD305",21833166.38,"18OctPD3","PD","P",18,"October","18-Oct","D","05-10 cm",56.03644647,2405.56,110.9,953.85,1340.82,NA,0.24,42.86,4.09,6.3,0.23,760000,11.32258065,3.287567908,76.08602151,8.744084876,1.516129032,3.271095308,"Drought",1,"Autumn",10,-59.32242608,6.521863229,2.97,"March","Archaea","Archaea (superkingdom)","TACK","Thaumarchaeota","Nitrososphaeria","Nitrososphaerales",NA,NA,NA
"14","Dada55","X16S.18AugPD205",21293102.13,"18AugPD2","PD","P",18,"August","18-Aug","D","05-10 cm",62.83888889,1074.73437,69.2566131,368.5682902,613.2384655,119.6,0,6.1,1.2,6.4,0.24,882000,20.72795699,3.297677036,63.95698925,8.49171358,1.151612903,2.477077709,"Drought",1,"Summer",8,-68.49962702,8.743766467,3.58,"Original","Archaea","Archaea (superkingdom)","TACK","Thaumarchaeota","Nitrososphaeria","Ca. Nitrosotaleales","Ca. Nitrosotalea family incertae sedis","Ca. Nitrosotalea",NA
"15","Dada1338","X16S.18DecPW205",21147540.98,"18DecPW2","PW","P",18,"December","18-Dec","W","05-10 cm",84.1,843.8959524,87.25166003,580.7136959,109.9754027,19.5,0.3,28.9,15.6,NA,NA,57500000,4.53655914,2.956265848,86.60215054,6.593722803,1.996774194,2.614508733,"Non-drought",0,"Winter",12,3.96905578,1.187272695,7.69,"Original","Archaea","Archaea (superkingdom)","TACK","Thaumarchaeota","Nitrososphaeria","Nitrososphaerales",NA,NA,NA
"16","Dada1028","X16S.18AugPD205",21121383.56,"18AugPD2","PD","P",18,"August","18-Aug","D","05-10 cm",62.83888889,1074.73437,69.2566131,368.5682902,613.2384655,119.6,0,6.1,1.2,6.4,0.24,882000,20.72795699,3.297677036,63.95698925,8.49171358,1.151612903,2.477077709,"Drought",1,"Summer",8,-68.49962702,8.743766467,3.58,"Original","Archaea","Archaea (superkingdom)","TACK","Thaumarchaeota","Nitrososphaeria","Nitrososphaerales",NA,NA,NA
"17","Dada55","X16S.19FebCD205",20026357.7,"19FebCD2","CD","C",19,"February","19-Feb","D","05-10 cm",36.16,NA,NA,NA,NA,11.55,NA,52.22,0.52,5.4,NA,98600,5.196428571,2.708808058,77.70238095,10.91920922,0.953571429,2.090628497,"Non-drought",0,"Winter",2,-31.9915067,2.957510874,1.42,"April","Archaea","Archaea (superkingdom)","TACK","Thaumarchaeota","Nitrososphaeria","Ca. Nitrosotaleales","Ca. Nitrosotalea family incertae sedis","Ca. Nitrosotalea",NA
"18","Dada55","X16S.19FebPD105",18871278.33,"19FebPD1","PD","P",19,"February","19-Feb","D","05-10 cm",66.27,NA,NA,NA,NA,35.82,NA,9.57,3,6.32,NA,912000,5.196428571,2.708808058,77.70238095,10.91920922,0.953571429,2.090628497,"Non-drought",0,"Winter",2,-10.1771503,3.441690968,4.25,"April","Archaea","Archaea (superkingdom)","TACK","Thaumarchaeota","Nitrososphaeria","Ca. Nitrosotaleales","Ca. Nitrosotalea family incertae sedis","Ca. Nitrosotalea",NA
"19","Dada1987","X16S.18AugPW205",17876626.1,"18AugPW2","PW","P",18,"August","18-Aug","W","05-10 cm",81.95185185,1100.33703,106.9042344,434.9531785,389.0190562,11.8,0.1,18.5,11.7,6.85,0.41,1.5e+08,20.72795699,3.297677036,63.95698925,8.49171358,1.151612903,2.477077709,"Drought",1,"Summer",8,-20.9099496,5.635844392,6.29,"Original","Archaea","Archaea (superkingdom)","TACK","Thaumarchaeota","Nitrososphaeria","Nitrososphaerales",NA,NA,NA
"20","Dada1338","X16S.18OctPW205",17710309.93,"18OctPW2","PW","P",18,"October","18-Oct","W","05-10 cm",79.56656347,3038.3,206.29,440.57,2391.44,0.22,0.22,49.43,13.87,6.89,0.51,1.59e+08,11.32258065,3.287567908,76.08602151,8.744084876,1.516129032,3.271095308,"Drought",0.903,"Autumn",10,-15.95615591,5.782744408,4.54,"March","Archaea","Archaea (superkingdom)","TACK","Thaumarchaeota","Nitrososphaeria","Nitrososphaerales",NA,NA,NA
"21","Dada1987","X16S.18OctPW205",17710309.93,"18OctPW2","PW","P",18,"October","18-Oct","W","05-10 cm",79.56656347,3038.3,206.29,440.57,2391.44,0.22,0.22,49.43,13.87,6.89,0.51,1.59e+08,11.32258065,3.287567908,76.08602151,8.744084876,1.516129032,3.271095308,"Drought",0.903,"Autumn",10,-15.95615591,5.782744408,4.54,"March","Archaea","Archaea (superkingdom)","TACK","Thaumarchaeota","Nitrososphaeria","Nitrososphaerales",NA,NA,NA
"22","Dada1987","X16S.18DecPW205",17622950.82,"18DecPW2","PW","P",18,"December","18-Dec","W","05-10 cm",84.1,843.8959524,87.25166003,580.7136959,109.9754027,19.5,0.3,28.9,15.6,NA,NA,57500000,4.53655914,2.956265848,86.60215054,6.593722803,1.996774194,2.614508733,"Non-drought",0,"Winter",12,3.96905578,1.187272695,7.69,"Original","Archaea","Archaea (superkingdom)","TACK","Thaumarchaeota","Nitrososphaeria","Nitrososphaerales",NA,NA,NA
"23","Dada2820","X16S.18AugPW205",15493075.95,"18AugPW2","PW","P",18,"August","18-Aug","W","05-10 cm",81.95185185,1100.33703,106.9042344,434.9531785,389.0190562,11.8,0.1,18.5,11.7,6.85,0.41,1.5e+08,20.72795699,3.297677036,63.95698925,8.49171358,1.151612903,2.477077709,"Drought",1,"Summer",8,-20.9099496,5.635844392,6.29,"Original","Archaea","Archaea (superkingdom)","TACK","Thaumarchaeota","Nitrososphaeria","Nitrososphaerales",NA,NA,NA
"24","Dada1338","X16S.18JunPW305",15371077.09,"18JunPW3","PW","P",18,"June","18-Jun","W","05-10 cm",77.8,903.14,84.86,587.32,230.96,6.68,0.51,25.94,6.92,6.97,0.36,6100000,18.56888889,2.326738354,66.12222222,10.96510779,0.836666667,3.00430534,"Drought",0.967,"Summer",6,-11.06094444,2.901433557,4.15,"March","Archaea","Archaea (superkingdom)","TACK","Thaumarchaeota","Nitrososphaeria","Nitrososphaerales",NA,NA,NA
"25","Dada643","X16S.18AugPD105",15350818.26,"18AugPD1","PD","P",18,"August","18-Aug","D","05-10 cm",71.65384615,723.6720788,121.5518288,483.4089088,95.0616518,169.4,0.1,13.7,4.5,6.4,0.24,589000,20.72795699,3.297677036,63.95698925,8.49171358,1.151612903,2.477077709,"Drought",1,"Summer",8,-68.49962702,8.743766467,4.75,"Original","Archaea","Archaea (superkingdom)","TACK","Thaumarchaeota","Nitrososphaeria","Ca. Nitrosotaleales","EU309863",NA,NA
"26","Dada1338","X16S.18AugPW105",14926146.67,"18AugPW1","PW","P",18,"August","18-Aug","W","05-10 cm",80.31027668,1795.628162,101.6370208,426.4043225,1119.781747,6.8,0.1,16.8,11.5,6.85,0.41,49700000,20.72795699,3.297677036,63.95698925,8.49171358,1.151612903,2.477077709,"Drought",1,"Summer",8,-20.9099496,5.635844392,4.22,"Original","Archaea","Archaea (superkingdom)","TACK","Thaumarchaeota","Nitrososphaeria","Nitrososphaerales",NA,NA,NA
"27","Dada80","X16S.19FebCD205",14590632.04,"19FebCD2","CD","C",19,"February","19-Feb","D","05-10 cm",36.16,NA,NA,NA,NA,11.55,NA,52.22,0.52,5.4,NA,98600,5.196428571,2.708808058,77.70238095,10.91920922,0.953571429,2.090628497,"Non-drought",0,"Winter",2,-31.9915067,2.957510874,1.42,"April","Archaea","Archaea (superkingdom)","TACK","Thaumarchaeota","Nitrososphaeria","Ca. Nitrosotaleales","Ca. Nitrosotalea family incertae sedis","Ca. Nitrosotalea",NA
"28","Dada80","X16S.18AprPD105",14320074.01,"18AprPD1","PD","P",18,"April","18-Apr","D","05-10 cm",77.9,740.4545455,161.885303,445.7536364,72.72909091,4,0.2,24.1,0.8,6.04,0.1,469000,10.97777778,4.568686803,72.82222222,12.91876574,1.2,2.579494738,"Non-drought",0,"Spring",4,0.40478125,4.589609735,4.1,"Original","Archaea","Archaea (superkingdom)","TACK","Thaumarchaeota","Nitrososphaeria","Ca. Nitrosotaleales","Ca. Nitrosotalea family incertae sedis","Ca. Nitrosotalea",NA
"29","Dada1028","X16S.19FebPD305",13634564.83,"19FebPD3","PD","P",19,"February","19-Feb","D","05-10 cm",62.06,NA,NA,NA,NA,38.6,NA,8.64,3.08,6.32,NA,1470000,5.196428571,2.708808058,77.70238095,10.91920922,0.953571429,2.090628497,"Non-drought",0,"Winter",2,-10.1771503,3.441690968,3.43,"April","Archaea","Archaea (superkingdom)","TACK","Thaumarchaeota","Nitrososphaeria","Nitrososphaerales",NA,NA,NA
"30","Dada1987","X16S.18DecPW105",13498826.9,"18DecPW1","PW","P",18,"December","18-Dec","W","05-10 cm",83.7,958.6739026,101.0820855,687.2932232,134.4633526,8.7,0.3,23.8,10.2,NA,NA,1.94e+08,4.53655914,2.956265848,86.60215054,6.593722803,1.996774194,2.614508733,"Non-drought",0,"Winter",12,3.96905578,1.187272695,3.32,"Original","Archaea","Archaea (superkingdom)","TACK","Thaumarchaeota","Nitrososphaeria","Nitrososphaerales",NA,NA,NA
"31","Dada302","X16S.18AugPD105",13326534.53,"18AugPD1","PD","P",18,"August","18-Aug","D","05-10 cm",71.65384615,723.6720788,121.5518288,483.4089088,95.0616518,169.4,0.1,13.7,4.5,6.4,0.24,589000,20.72795699,3.297677036,63.95698925,8.49171358,1.151612903,2.477077709,"Drought",1,"Summer",8,-68.49962702,8.743766467,4.75,"Original","Archaea","Archaea (superkingdom)","TACK","Thaumarchaeota","Nitrososphaeria","Ca. Nitrosotaleales","Ca. Nitrosotalea family incertae sedis","Ca. Nitrosotalea",NA
"32","Dada3546","X16S.18OctPD105",12674253.2,"18OctPD1","PD","P",18,"October","18-Oct","D","05-10 cm",67.0212766,859.59,101,589.43,169.16,NA,0.14,27.29,2.38,6.3,0.23,956000,11.32258065,3.287567908,76.08602151,8.744084876,1.516129032,3.271095308,"Drought",1,"Autumn",10,-59.32242608,6.521863229,5.15,"March","Archaea","Archaea (superkingdom)","TACK","Thaumarchaeota","Nitrososphaeria","Nitrososphaerales",NA,NA,NA
"33","Dada1987","X16S.18AprPW105",11879090.7,"18AprPW1","PW","P",18,"April","18-Apr","W","05-10 cm",84.4,1302.3744,176.2176,584.4864,359.9232,2.9,0.1,28.8,4.1,6.56,0.54,4.2e+07,10.97777778,4.568686803,72.82222222,12.91876574,1.2,2.579494738,"Non-drought",0,"Spring",4,6.895236111,2.425894151,3.29,"Original","Archaea","Archaea (superkingdom)","TACK","Thaumarchaeota","Nitrososphaeria","Nitrososphaerales",NA,NA,NA
"34","Dada1028","X16S.18AugPD105",11639631.42,"18AugPD1","PD","P",18,"August","18-Aug","D","05-10 cm",71.65384615,723.6720788,121.5518288,483.4089088,95.0616518,169.4,0.1,13.7,4.5,6.4,0.24,589000,20.72795699,3.297677036,63.95698925,8.49171358,1.151612903,2.477077709,"Drought",1,"Summer",8,-68.49962702,8.743766467,4.75,"Original","Archaea","Archaea (superkingdom)","TACK","Thaumarchaeota","Nitrososphaeria","Nitrososphaerales",NA,NA,NA
"35","Dada2820","X16S.18AprPW105",11373597.48,"18AprPW1","PW","P",18,"April","18-Apr","W","05-10 cm",84.4,1302.3744,176.2176,584.4864,359.9232,2.9,0.1,28.8,4.1,6.56,0.54,4.2e+07,10.97777778,4.568686803,72.82222222,12.91876574,1.2,2.579494738,"Non-drought",0,"Spring",4,6.895236111,2.425894151,3.29,"Original","Archaea","Archaea (superkingdom)","TACK","Thaumarchaeota","Nitrososphaeria","Nitrososphaerales",NA,NA,NA
"36","Dada80","X16S.18AugPD205",10646551.06,"18AugPD2","PD","P",18,"August","18-Aug","D","05-10 cm",62.83888889,1074.73437,69.2566131,368.5682902,613.2384655,119.6,0,6.1,1.2,6.4,0.24,882000,20.72795699,3.297677036,63.95698925,8.49171358,1.151612903,2.477077709,"Drought",1,"Summer",8,-68.49962702,8.743766467,3.58,"Original","Archaea","Archaea (superkingdom)","TACK","Thaumarchaeota","Nitrososphaeria","Ca. Nitrosotaleales","Ca. Nitrosotalea family incertae sedis","Ca. Nitrosotalea",NA
"37","Dada575","X16S.18AugPD105",10627489.56,"18AugPD1","PD","P",18,"August","18-Aug","D","05-10 cm",71.65384615,723.6720788,121.5518288,483.4089088,95.0616518,169.4,0.1,13.7,4.5,6.4,0.24,589000,20.72795699,3.297677036,63.95698925,8.49171358,1.151612903,2.477077709,"Drought",1,"Summer",8,-68.49962702,8.743766467,4.75,"Original","Archaea","Archaea (superkingdom)","TACK","Thaumarchaeota","Nitrososphaeria","Ca. Nitrosopumilales",NA,NA,NA
"38","Dada55","X16S.18AprCD205",10501691.29,"18AprCD2","CD","C",18,"April","18-Apr","D","05-10 cm",50,353.1850394,70.39370079,99.28346457,152.3976378,0.4,0,21.1,0.1,5.92,1.35,170000,10.97777778,4.568686803,72.82222222,12.91876574,1.2,2.579494738,"Non-drought",0,"Spring",4,-16.98940972,6.021313508,1.46,"Original","Archaea","Archaea (superkingdom)","TACK","Thaumarchaeota","Nitrososphaeria","Ca. Nitrosotaleales","Ca. Nitrosotalea family incertae sedis","Ca. Nitrosotalea",NA
"39","Dada3546","X16S.18AprPD105",10342275.67,"18AprPD1","PD","P",18,"April","18-Apr","D","05-10 cm",77.9,740.4545455,161.885303,445.7536364,72.72909091,4,0.2,24.1,0.8,6.04,0.1,469000,10.97777778,4.568686803,72.82222222,12.91876574,1.2,2.579494738,"Non-drought",0,"Spring",4,0.40478125,4.589609735,4.1,"Original","Archaea","Archaea (superkingdom)","TACK","Thaumarchaeota","Nitrososphaeria","Nitrososphaerales",NA,NA,NA
"40","Dada1338","X16S.18AugPW305",10296820.41,"18AugPW3","PW","P",18,"August","18-Aug","W","05-10 cm",76.94144144,567.7431462,94.0177323,396.5340641,66.81892225,13,0.1,12,6.8,6.85,0.41,15500000,20.72795699,3.297677036,63.95698925,8.49171358,1.151612903,2.477077709,"Drought",1,"Summer",8,-20.9099496,5.635844392,4.74,"Original","Archaea","Archaea (superkingdom)","TACK","Thaumarchaeota","Nitrososphaeria","Nitrososphaerales",NA,NA,NA
"41","Dada2654","X16S.18JunPW305",10247384.73,"18JunPW3","PW","P",18,"June","18-Jun","W","05-10 cm",77.8,903.14,84.86,587.32,230.96,6.68,0.51,25.94,6.92,6.97,0.36,6100000,18.56888889,2.326738354,66.12222222,10.96510779,0.836666667,3.00430534,"Drought",0.967,"Summer",6,-11.06094444,2.901433557,4.15,"March","Archaea","Archaea (superkingdom)","TACK","Thaumarchaeota","Nitrososphaeria","Nitrososphaerales",NA,NA,NA
"42","Dada1743","X16S.18OctPD305",10136827.25,"18OctPD3","PD","P",18,"October","18-Oct","D","05-10 cm",56.03644647,2405.56,110.9,953.85,1340.82,NA,0.24,42.86,4.09,6.3,0.23,760000,11.32258065,3.287567908,76.08602151,8.744084876,1.516129032,3.271095308,"Drought",1,"Autumn",10,-59.32242608,6.521863229,2.97,"March","Archaea","Archaea (superkingdom)","TACK","Thaumarchaeota","Nitrososphaeria","Nitrososphaerales",NA,NA,NA
"43","Dada1743","X16S.18AugPD105",10121418.63,"18AugPD1","PD","P",18,"August","18-Aug","D","05-10 cm",71.65384615,723.6720788,121.5518288,483.4089088,95.0616518,169.4,0.1,13.7,4.5,6.4,0.24,589000,20.72795699,3.297677036,63.95698925,8.49171358,1.151612903,2.477077709,"Drought",1,"Summer",8,-68.49962702,8.743766467,4.75,"Original","Archaea","Archaea (superkingdom)","TACK","Thaumarchaeota","Nitrososphaeria","Nitrososphaerales",NA,NA,NA
"44","Dada1987","X16S.18AugPW105",10028504.79,"18AugPW1","PW","P",18,"August","18-Aug","W","05-10 cm",80.31027668,1795.628162,101.6370208,426.4043225,1119.781747,6.8,0.1,16.8,11.5,6.85,0.41,49700000,20.72795699,3.297677036,63.95698925,8.49171358,1.151612903,2.477077709,"Drought",1,"Summer",8,-20.9099496,5.635844392,4.22,"Original","Archaea","Archaea (superkingdom)","TACK","Thaumarchaeota","Nitrososphaeria","Nitrososphaerales",NA,NA,NA
"45","Dada1338","X16S.19FebPW205",9800786.014,"19FebPW2","PW","P",19,"February","19-Feb","W","05-10 cm",74.72,NA,NA,NA,NA,0.84,NA,14.32,8.55,6.94,NA,56200000,5.196428571,2.708808058,77.70238095,10.91920922,0.953571429,2.090628497,"Non-drought",0,"Winter",2,4.995372024,0.416214823,3.53,"April","Archaea","Archaea (superkingdom)","TACK","Thaumarchaeota","Nitrososphaeria","Nitrososphaerales",NA,NA,NA
"46","Dada1987","X16S.19FebPW205",9647648.733,"19FebPW2","PW","P",19,"February","19-Feb","W","05-10 cm",74.72,NA,NA,NA,NA,0.84,NA,14.32,8.55,6.94,NA,56200000,5.196428571,2.708808058,77.70238095,10.91920922,0.953571429,2.090628497,"Non-drought",0,"Winter",2,4.995372024,0.416214823,3.53,"April","Archaea","Archaea (superkingdom)","TACK","Thaumarchaeota","Nitrososphaeria","Nitrososphaerales",NA,NA,NA
"47","Dada1334","X16S.18JunCD305",9183414.535,"18JunCD3","CD","C",18,"June","18-Jun","D","05-10 cm",35.3,309.67,26.08,81.14,202.46,0.16,0.08,5.06,0.24,6.28,2.13,134000,18.56888889,2.326738354,66.12222222,10.96510779,0.836666667,3.00430534,"Drought",1,"Summer",6,-65.02782292,4.960389042,0.62,"March","Archaea","Archaea (superkingdom)","TACK","Thaumarchaeota","Nitrososphaeria","Nitrososphaerales",NA,NA,NA
"48","Dada1338","X16S.18AprPW205",8953213.032,"18AprPW2","PW","P",18,"April","18-Apr","W","05-10 cm",78.4,841.3329951,92.52824637,330.979275,307.1648106,4.2,0.1,13.4,4.8,6.56,0.54,18700000,10.97777778,4.568686803,72.82222222,12.91876574,1.2,2.579494738,"Non-drought",0,"Spring",4,6.895236111,2.425894151,3.71,"Original","Archaea","Archaea (superkingdom)","TACK","Thaumarchaeota","Nitrososphaeria","Nitrososphaerales",NA,NA,NA
"49","Dada1743","X16S.18AugPD305",8910515.672,"18AugPD3","PD","P",18,"August","18-Aug","D","05-10 cm",61.40082645,1781.282286,150.4183526,377.887484,863.8520682,209.1,0.3,1.6,0.2,6.4,0.24,455000,20.72795699,3.297677036,63.95698925,8.49171358,1.151612903,2.477077709,"Drought",1,"Summer",8,-68.49962702,8.743766467,4.21,"Original","Archaea","Archaea (superkingdom)","TACK","Thaumarchaeota","Nitrososphaeria","Nitrososphaerales",NA,NA,NA
"50","Dada55","X16S.18AugPD305",8910515.672,"18AugPD3","PD","P",18,"August","18-Aug","D","05-10 cm",61.40082645,1781.282286,150.4183526,377.887484,863.8520682,209.1,0.3,1.6,0.2,6.4,0.24,455000,20.72795699,3.297677036,63.95698925,8.49171358,1.151612903,2.477077709,"Drought",1,"Summer",8,-68.49962702,8.743766467,4.21,"Original","Archaea","Archaea (superkingdom)","TACK","Thaumarchaeota","Nitrososphaeria","Ca. Nitrosotaleales","Ca. Nitrosotalea family incertae sedis","Ca. Nitrosotalea",NA
"51","Dada1987","X16S.18AprPW205",8426553.442,"18AprPW2","PW","P",18,"April","18-Apr","W","05-10 cm",78.4,841.3329951,92.52824637,330.979275,307.1648106,4.2,0.1,13.4,4.8,6.56,0.54,18700000,10.97777778,4.568686803,72.82222222,12.91876574,1.2,2.579494738,"Non-drought",0,"Spring",4,6.895236111,2.425894151,3.71,"Original","Archaea","Archaea (superkingdom)","TACK","Thaumarchaeota","Nitrososphaeria","Nitrososphaerales",NA,NA,NA
"52","Dada1338","X16S.18OctPW105",8408654.272,"18OctPW1","PW","P",18,"October","18-Oct","W","05-10 cm",81.00263852,1148.01,96.89,678.97,372.2,13.68,0.27,61.28,27.41,6.89,0.51,77200000,11.32258065,3.287567908,76.08602151,8.744084876,1.516129032,3.271095308,"Drought",0.903,"Autumn",10,-15.95615591,5.782744408,3.97,"March","Archaea","Archaea (superkingdom)","TACK","Thaumarchaeota","Nitrososphaeria","Nitrososphaerales",NA,NA,NA
"53","Dada55","X16S.18OctPD305",8265412.986,"18OctPD3","PD","P",18,"October","18-Oct","D","05-10 cm",56.03644647,2405.56,110.9,953.85,1340.82,NA,0.24,42.86,4.09,6.3,0.23,760000,11.32258065,3.287567908,76.08602151,8.744084876,1.516129032,3.271095308,"Drought",1,"Autumn",10,-59.32242608,6.521863229,2.97,"March","Archaea","Archaea (superkingdom)","TACK","Thaumarchaeota","Nitrososphaeria","Ca. Nitrosotaleales","Ca. Nitrosotalea family incertae sedis","Ca. Nitrosotalea",NA
"54","Dada1987","X16S.19FebPW105",8185310.458,"19FebPW1","PW","P",19,"February","19-Feb","W","05-10 cm",83.85,NA,NA,NA,NA,2.02,NA,20.17,7.26,6.94,NA,13300000,5.196428571,2.708808058,77.70238095,10.91920922,0.953571429,2.090628497,"Non-drought",0,"Winter",2,4.995372024,0.416214823,3.37,"April","Archaea","Archaea (superkingdom)","TACK","Thaumarchaeota","Nitrososphaeria","Nitrososphaerales",NA,NA,NA
"55","Dada1743","X16S.19FebPD305",7932837.719,"19FebPD3","PD","P",19,"February","19-Feb","D","05-10 cm",62.06,NA,NA,NA,NA,38.6,NA,8.64,3.08,6.32,NA,1470000,5.196428571,2.708808058,77.70238095,10.91920922,0.953571429,2.090628497,"Non-drought",0,"Winter",2,-10.1771503,3.441690968,3.43,"April","Archaea","Archaea (superkingdom)","TACK","Thaumarchaeota","Nitrososphaeria","Nitrososphaerales",NA,NA,NA
"56","Dada1334","X16S.18AugPW105",7929515.419,"18AugPW1","PW","P",18,"August","18-Aug","W","05-10 cm",80.31027668,1795.628162,101.6370208,426.4043225,1119.781747,6.8,0.1,16.8,11.5,6.85,0.41,49700000,20.72795699,3.297677036,63.95698925,8.49171358,1.151612903,2.477077709,"Drought",1,"Summer",8,-20.9099496,5.635844392,4.22,"Original","Archaea","Archaea (superkingdom)","TACK","Thaumarchaeota","Nitrososphaeria","Nitrososphaerales",NA,NA,NA
"57","Dada2820","X16S.18DecPW105",7904718.457,"18DecPW1","PW","P",18,"December","18-Dec","W","05-10 cm",83.7,958.6739026,101.0820855,687.2932232,134.4633526,8.7,0.3,23.8,10.2,NA,NA,1.94e+08,4.53655914,2.956265848,86.60215054,6.593722803,1.996774194,2.614508733,"Non-drought",0,"Winter",12,3.96905578,1.187272695,3.32,"Original","Archaea","Archaea (superkingdom)","TACK","Thaumarchaeota","Nitrososphaeria","Nitrososphaerales",NA,NA,NA
"58","Dada2820","X16S.19FebPW205",7350589.511,"19FebPW2","PW","P",19,"February","19-Feb","W","05-10 cm",74.72,NA,NA,NA,NA,0.84,NA,14.32,8.55,6.94,NA,56200000,5.196428571,2.708808058,77.70238095,10.91920922,0.953571429,2.090628497,"Non-drought",0,"Winter",2,4.995372024,0.416214823,3.53,"April","Archaea","Archaea (superkingdom)","TACK","Thaumarchaeota","Nitrososphaeria","Nitrososphaerales",NA,NA,NA
"59","Dada1028","X16S.18JunPD105",7075341.475,"18JunPD1","PD","P",18,"June","18-Jun","D","05-10 cm",70.7,1497.76,125.41,757.69,614.66,5.31,0.38,17.98,2.92,6.49,0.23,643000,18.56888889,2.326738354,66.12222222,10.96510779,0.836666667,3.00430534,"Drought",1,"Summer",6,-59.09927431,4.650930397,3.39,"March","Archaea","Archaea (superkingdom)","TACK","Thaumarchaeota","Nitrososphaeria","Nitrososphaerales",NA,NA,NA
"60","Dada678","X16S.18DecCW205",6981720.641,"18DecCW2","CW","C",18,"December","18-Dec","W","05-10 cm",56.2,661.2661147,70.1906428,243.6490105,244.0760782,0.6,0.1,19,0.3,NA,NA,30700000,4.53655914,2.956265848,86.60215054,6.593722803,1.996774194,2.614508733,"Non-drought",0,"Winter",12,-6.469885753,1.638344898,0.76,"Original","Archaea","Archaea (superkingdom)","TACK","Thaumarchaeota","Nitrososphaeria","Ca. Nitrosotaleales","Ca. Nitrosotalea family incertae sedis","Ca. Nitrosotalea",NA
"61","Dada1338","X16S.18JunPW205",6974522.293,"18JunPW2","PW","P",18,"June","18-Jun","W","05-10 cm",81.3,1051.13,84.34,504.74,462.05,2.35,0.75,33.77,16.56,6.97,0.36,36500000,18.56888889,2.326738354,66.12222222,10.96510779,0.836666667,3.00430534,"Drought",0.967,"Summer",6,-11.06094444,2.901433557,5.78,"March","Archaea","Archaea (superkingdom)","TACK","Thaumarchaeota","Nitrososphaeria","Nitrososphaerales",NA,NA,NA
"62","Dada1334","X16S.18OctPD205",6930700.531,"18OctPD2","PD","P",18,"October","18-Oct","D","05-10 cm",57.78364116,683.52,51.42,383.99,248.13,NA,0.11,20.58,1.74,6.3,0.23,888000,11.32258065,3.287567908,76.08602151,8.744084876,1.516129032,3.271095308,"Drought",1,"Autumn",10,-59.32242608,6.521863229,3.12,"March","Archaea","Archaea (superkingdom)","TACK","Thaumarchaeota","Nitrososphaeria","Nitrososphaerales",NA,NA,NA
"63","Dada1334","X16S.18AprPW105",6824158.485,"18AprPW1","PW","P",18,"April","18-Apr","W","05-10 cm",84.4,1302.3744,176.2176,584.4864,359.9232,2.9,0.1,28.8,4.1,6.56,0.54,4.2e+07,10.97777778,4.568686803,72.82222222,12.91876574,1.2,2.579494738,"Non-drought",0,"Spring",4,6.895236111,2.425894151,3.29,"Original","Archaea","Archaea (superkingdom)","TACK","Thaumarchaeota","Nitrososphaeria","Nitrososphaerales",NA,NA,NA
"64","Dada1334","X16S.18AugCD305",6631190.484,"18AugCD3","CD","C",18,"August","18-Aug","D","05-10 cm",28.06896552,246.6767328,20.76173635,107.5964083,104.6910972,3.6,0,2.7,0.1,6.96,1.51,169000,20.72795699,3.297677036,63.95698925,8.49171358,1.151612903,2.477077709,"Drought",1,"Summer",8,-81.96047439,6.347956157,0.37,"Original","Archaea","Archaea (superkingdom)","TACK","Thaumarchaeota","Nitrososphaeria","Nitrososphaerales",NA,NA,NA
"65","Dada3546","X16S.18JunPD105",6460094.39,"18JunPD1","PD","P",18,"June","18-Jun","D","05-10 cm",70.7,1497.76,125.41,757.69,614.66,5.31,0.38,17.98,2.92,6.49,0.23,643000,18.56888889,2.326738354,66.12222222,10.96510779,0.836666667,3.00430534,"Drought",1,"Summer",6,-59.09927431,4.650930397,3.39,"March","Archaea","Archaea (superkingdom)","TACK","Thaumarchaeota","Nitrososphaeria","Nitrososphaerales",NA,NA,NA
"66","Dada1338","X16S.19FebPW105",6296392.66,"19FebPW1","PW","P",19,"February","19-Feb","W","05-10 cm",83.85,NA,NA,NA,NA,2.02,NA,20.17,7.26,6.94,NA,13300000,5.196428571,2.708808058,77.70238095,10.91920922,0.953571429,2.090628497,"Non-drought",0,"Winter",2,4.995372024,0.416214823,3.37,"April","Archaea","Archaea (superkingdom)","TACK","Thaumarchaeota","Nitrososphaeria","Nitrososphaerales",NA,NA,NA
"67","Dada1028","X16S.18AprPD205",5982198.303,"18AprPD2","PD","P",18,"April","18-Apr","D","05-10 cm",75.6,763.42,171.9266667,455.2739394,76.98060606,4.6,0.3,4.2,0.6,6.04,0.1,541000,10.97777778,4.568686803,72.82222222,12.91876574,1.2,2.579494738,"Non-drought",0,"Spring",4,0.40478125,4.589609735,4.4,"Original","Archaea","Archaea (superkingdom)","TACK","Thaumarchaeota","Nitrososphaeria","Nitrososphaerales",NA,NA,NA
"68","Dada1987","X16S.18JunPW305",5977641.09,"18JunPW3","PW","P",18,"June","18-Jun","W","05-10 cm",77.8,903.14,84.86,587.32,230.96,6.68,0.51,25.94,6.92,6.97,0.36,6100000,18.56888889,2.326738354,66.12222222,10.96510779,0.836666667,3.00430534,"Drought",0.967,"Summer",6,-11.06094444,2.901433557,4.15,"March","Archaea","Archaea (superkingdom)","TACK","Thaumarchaeota","Nitrososphaeria","Nitrososphaerales",NA,NA,NA
"69","Dada1987","X16S.18OctPW105",5799071.912,"18OctPW1","PW","P",18,"October","18-Oct","W","05-10 cm",81.00263852,1148.01,96.89,678.97,372.2,13.68,0.27,61.28,27.41,6.89,0.51,77200000,11.32258065,3.287567908,76.08602151,8.744084876,1.516129032,3.271095308,"Drought",0.903,"Autumn",10,-15.95615591,5.782744408,3.97,"March","Archaea","Archaea (superkingdom)","TACK","Thaumarchaeota","Nitrososphaeria","Nitrososphaerales",NA,NA,NA
"70","Dada1028","X16S.19FebPD205",5769290.774,"19FebPD2","PD","P",19,"February","19-Feb","D","05-10 cm",64.83,NA,NA,NA,NA,54.82,NA,8.05,1.89,6.32,NA,2400000,5.196428571,2.708808058,77.70238095,10.91920922,0.953571429,2.090628497,"Non-drought",0,"Winter",2,-10.1771503,3.441690968,3.74,"April","Archaea","Archaea (superkingdom)","TACK","Thaumarchaeota","Nitrososphaeria","Nitrososphaerales",NA,NA,NA
"71","Dada2540","X16S.18AugPD105",5735470.557,"18AugPD1","PD","P",18,"August","18-Aug","D","05-10 cm",71.65384615,723.6720788,121.5518288,483.4089088,95.0616518,169.4,0.1,13.7,4.5,6.4,0.24,589000,20.72795699,3.297677036,63.95698925,8.49171358,1.151612903,2.477077709,"Drought",1,"Summer",8,-68.49962702,8.743766467,4.75,"Original","Archaea","Archaea (superkingdom)","TACK","Thaumarchaeota","Nitrososphaeria","Ca. Nitrosopumilales","Nitrosoarchaeum family incertae sedis","Ca. Nitrosoarchaeum","KT453561"
"72","Dada1028","X16S.18OctPD205",5653992.539,"18OctPD2","PD","P",18,"October","18-Oct","D","05-10 cm",57.78364116,683.52,51.42,383.99,248.13,NA,0.11,20.58,1.74,6.3,0.23,888000,11.32258065,3.287567908,76.08602151,8.744084876,1.516129032,3.271095308,"Drought",1,"Autumn",10,-59.32242608,6.521863229,3.12,"March","Archaea","Archaea (superkingdom)","TACK","Thaumarchaeota","Nitrososphaeria","Nitrososphaerales",NA,NA,NA
"73","Dada80","X16S.18OctCD305",5543643.898,"18OctCD3","CD","C",18,"October","18-Oct","D","05-10 cm",26.40264026,316.77,15.97,218.23,82.56,0.41,0.07,6.86,0.29,7.07,0.61,361000,11.32258065,3.287567908,76.08602151,8.744084876,1.516129032,3.271095308,"Drought",1,"Autumn",10,-69.97016465,3.881221266,0.61,"March","Archaea","Archaea (superkingdom)","TACK","Thaumarchaeota","Nitrososphaeria","Ca. Nitrosotaleales","Ca. Nitrosotalea family incertae sedis","Ca. Nitrosotalea",NA
"74","Dada80","X16S.18AprCD205",5532436.736,"18AprCD2","CD","C",18,"April","18-Apr","D","05-10 cm",50,353.1850394,70.39370079,99.28346457,152.3976378,0.4,0,21.1,0.1,5.92,1.35,170000,10.97777778,4.568686803,72.82222222,12.91876574,1.2,2.579494738,"Non-drought",0,"Spring",4,-16.98940972,6.021313508,1.46,"Original","Archaea","Archaea (superkingdom)","TACK","Thaumarchaeota","Nitrososphaeria","Ca. Nitrosotaleales","Ca. Nitrosotalea family incertae sedis","Ca. Nitrosotalea",NA
"75","Dada5506","X16S.18AugPW305",5470185.843,"18AugPW3","PW","P",18,"August","18-Aug","W","05-10 cm",76.94144144,567.7431462,94.0177323,396.5340641,66.81892225,13,0.1,12,6.8,6.85,0.41,15500000,20.72795699,3.297677036,63.95698925,8.49171358,1.151612903,2.477077709,"Drought",1,"Summer",8,-20.9099496,5.635844392,4.74,"Original","Archaea","Archaea (superkingdom)","TACK","Thaumarchaeota","Nitrososphaeria","Nitrososphaerales",NA,NA,NA
"76","Dada3546","X16S.19FebPD205",5366782.115,"19FebPD2","PD","P",19,"February","19-Feb","D","05-10 cm",64.83,NA,NA,NA,NA,54.82,NA,8.05,1.89,6.32,NA,2400000,5.196428571,2.708808058,77.70238095,10.91920922,0.953571429,2.090628497,"Non-drought",0,"Winter",2,-10.1771503,3.441690968,3.74,"April","Archaea","Archaea (superkingdom)","TACK","Thaumarchaeota","Nitrososphaeria","Nitrososphaerales",NA,NA,NA
"77","Dada1028","X16S.18AugPD305",5346309.403,"18AugPD3","PD","P",18,"August","18-Aug","D","05-10 cm",61.40082645,1781.282286,150.4183526,377.887484,863.8520682,209.1,0.3,1.6,0.2,6.4,0.24,455000,20.72795699,3.297677036,63.95698925,8.49171358,1.151612903,2.477077709,"Drought",1,"Summer",8,-68.49962702,8.743766467,4.21,"Original","Archaea","Archaea (superkingdom)","TACK","Thaumarchaeota","Nitrososphaeria","Nitrososphaerales",NA,NA,NA
"78","Dada1743","X16S.18AprPD205",5278410.267,"18AprPD2","PD","P",18,"April","18-Apr","D","05-10 cm",75.6,763.42,171.9266667,455.2739394,76.98060606,4.6,0.3,4.2,0.6,6.04,0.1,541000,10.97777778,4.568686803,72.82222222,12.91876574,1.2,2.579494738,"Non-drought",0,"Spring",4,0.40478125,4.589609735,4.4,"Original","Archaea","Archaea (superkingdom)","TACK","Thaumarchaeota","Nitrososphaeria","Nitrososphaerales",NA,NA,NA
"79","Dada2820","X16S.19FebPW105",5151593.994,"19FebPW1","PW","P",19,"February","19-Feb","W","05-10 cm",83.85,NA,NA,NA,NA,2.02,NA,20.17,7.26,6.94,NA,13300000,5.196428571,2.708808058,77.70238095,10.91920922,0.953571429,2.090628497,"Non-drought",0,"Winter",2,4.995372024,0.416214823,3.37,"April","Archaea","Archaea (superkingdom)","TACK","Thaumarchaeota","Nitrososphaeria","Nitrososphaerales",NA,NA,NA
"80","Dada643","X16S.18AugPD205",5151556.966,"18AugPD2","PD","P",18,"August","18-Aug","D","05-10 cm",62.83888889,1074.73437,69.2566131,368.5682902,613.2384655,119.6,0,6.1,1.2,6.4,0.24,882000,20.72795699,3.297677036,63.95698925,8.49171358,1.151612903,2.477077709,"Drought",1,"Summer",8,-68.49962702,8.743766467,3.58,"Original","Archaea","Archaea (superkingdom)","TACK","Thaumarchaeota","Nitrososphaeria","Ca. Nitrosotaleales","EU309863",NA,NA
"81","Dada3546","X16S.18OctPD205",5046036.352,"18OctPD2","PD","P",18,"October","18-Oct","D","05-10 cm",57.78364116,683.52,51.42,383.99,248.13,NA,0.11,20.58,1.74,6.3,0.23,888000,11.32258065,3.287567908,76.08602151,8.744084876,1.516129032,3.271095308,"Drought",1,"Autumn",10,-59.32242608,6.521863229,3.12,"March","Archaea","Archaea (superkingdom)","TACK","Thaumarchaeota","Nitrososphaeria","Nitrososphaerales",NA,NA,NA
"82","Dada3546","X16S.19FebPD305",4958023.575,"19FebPD3","PD","P",19,"February","19-Feb","D","05-10 cm",62.06,NA,NA,NA,NA,38.6,NA,8.64,3.08,6.32,NA,1470000,5.196428571,2.708808058,77.70238095,10.91920922,0.953571429,2.090628497,"Non-drought",0,"Winter",2,-10.1771503,3.441690968,3.43,"April","Archaea","Archaea (superkingdom)","TACK","Thaumarchaeota","Nitrososphaeria","Nitrososphaerales",NA,NA,NA
"83","Dada1334","X16S.19FebCD205",4935066.718,"19FebCD2","CD","C",19,"February","19-Feb","D","05-10 cm",36.16,NA,NA,NA,NA,11.55,NA,52.22,0.52,5.4,NA,98600,5.196428571,2.708808058,77.70238095,10.91920922,0.953571429,2.090628497,"Non-drought",0,"Winter",2,-31.9915067,2.957510874,1.42,"April","Archaea","Archaea (superkingdom)","TACK","Thaumarchaeota","Nitrososphaeria","Nitrososphaerales",NA,NA,NA
"84","Dada643","X16S.18AprPD205",4926516.249,"18AprPD2","PD","P",18,"April","18-Apr","D","05-10 cm",75.6,763.42,171.9266667,455.2739394,76.98060606,4.6,0.3,4.2,0.6,6.04,0.1,541000,10.97777778,4.568686803,72.82222222,12.91876574,1.2,2.579494738,"Non-drought",0,"Spring",4,0.40478125,4.589609735,4.4,"Original","Archaea","Archaea (superkingdom)","TACK","Thaumarchaeota","Nitrososphaeria","Ca. Nitrosotaleales","EU309863",NA,NA
"85","Dada1334","X16S.18OctPW205",4743833.017,"18OctPW2","PW","P",18,"October","18-Oct","W","05-10 cm",79.56656347,3038.3,206.29,440.57,2391.44,0.22,0.22,49.43,13.87,6.89,0.51,1.59e+08,11.32258065,3.287567908,76.08602151,8.744084876,1.516129032,3.271095308,"Drought",0.903,"Autumn",10,-15.95615591,5.782744408,4.54,"March","Archaea","Archaea (superkingdom)","TACK","Thaumarchaeota","Nitrososphaeria","Nitrososphaerales",NA,NA,NA
"86","Dada1334","X16S.18OctPD305",4678535.652,"18OctPD3","PD","P",18,"October","18-Oct","D","05-10 cm",56.03644647,2405.56,110.9,953.85,1340.82,NA,0.24,42.86,4.09,6.3,0.23,760000,11.32258065,3.287567908,76.08602151,8.744084876,1.516129032,3.271095308,"Drought",1,"Autumn",10,-59.32242608,6.521863229,2.97,"March","Archaea","Archaea (superkingdom)","TACK","Thaumarchaeota","Nitrososphaeria","Nitrososphaerales",NA,NA,NA
"87","Dada1743","X16S.18AugPD205",4636401.269,"18AugPD2","PD","P",18,"August","18-Aug","D","05-10 cm",62.83888889,1074.73437,69.2566131,368.5682902,613.2384655,119.6,0,6.1,1.2,6.4,0.24,882000,20.72795699,3.297677036,63.95698925,8.49171358,1.151612903,2.477077709,"Drought",1,"Summer",8,-68.49962702,8.743766467,3.58,"Original","Archaea","Archaea (superkingdom)","TACK","Thaumarchaeota","Nitrososphaeria","Nitrososphaerales",NA,NA,NA
"88","Dada2654","X16S.18AugPW305",4504858.93,"18AugPW3","PW","P",18,"August","18-Aug","W","05-10 cm",76.94144144,567.7431462,94.0177323,396.5340641,66.81892225,13,0.1,12,6.8,6.85,0.41,15500000,20.72795699,3.297677036,63.95698925,8.49171358,1.151612903,2.477077709,"Drought",1,"Summer",8,-20.9099496,5.635844392,4.74,"Original","Archaea","Archaea (superkingdom)","TACK","Thaumarchaeota","Nitrososphaeria","Nitrososphaerales",NA,NA,NA
"89","Dada1338","X16S.18DecPW105",4256386.861,"18DecPW1","PW","P",18,"December","18-Dec","W","05-10 cm",83.7,958.6739026,101.0820855,687.2932232,134.4633526,8.7,0.3,23.8,10.2,NA,NA,1.94e+08,4.53655914,2.956265848,86.60215054,6.593722803,1.996774194,2.614508733,"Non-drought",0,"Winter",12,3.96905578,1.187272695,3.32,"Original","Archaea","Archaea (superkingdom)","TACK","Thaumarchaeota","Nitrososphaeria","Nitrososphaerales",NA,NA,NA
"90","Dada55","X16S.18OctPD205",3890919.597,"18OctPD2","PD","P",18,"October","18-Oct","D","05-10 cm",57.78364116,683.52,51.42,383.99,248.13,NA,0.11,20.58,1.74,6.3,0.23,888000,11.32258065,3.287567908,76.08602151,8.744084876,1.516129032,3.271095308,"Drought",1,"Autumn",10,-59.32242608,6.521863229,3.12,"March","Archaea","Archaea (superkingdom)","TACK","Thaumarchaeota","Nitrososphaeria","Ca. Nitrosotaleales","Ca. Nitrosotalea family incertae sedis","Ca. Nitrosotalea",NA
"91","Dada1334","X16S.19FebPW105",3548875.863,"19FebPW1","PW","P",19,"February","19-Feb","W","05-10 cm",83.85,NA,NA,NA,NA,2.02,NA,20.17,7.26,6.94,NA,13300000,5.196428571,2.708808058,77.70238095,10.91920922,0.953571429,2.090628497,"Non-drought",0,"Winter",2,4.995372024,0.416214823,3.37,"April","Archaea","Archaea (superkingdom)","TACK","Thaumarchaeota","Nitrososphaeria","Nitrososphaerales",NA,NA,NA
"92","Dada1334","X16S.19FebPW205",3522157.474,"19FebPW2","PW","P",19,"February","19-Feb","W","05-10 cm",74.72,NA,NA,NA,NA,0.84,NA,14.32,8.55,6.94,NA,56200000,5.196428571,2.708808058,77.70238095,10.91920922,0.953571429,2.090628497,"Non-drought",0,"Winter",2,4.995372024,0.416214823,3.53,"April","Archaea","Archaea (superkingdom)","TACK","Thaumarchaeota","Nitrososphaeria","Nitrososphaerales",NA,NA,NA
"93","Dada1334","X16S.19FebCD305",3493345.214,"19FebCD3","CD","C",19,"February","19-Feb","D","05-10 cm",31.05,NA,NA,NA,NA,0.85,NA,5.88,0.46,5.4,NA,80200,5.196428571,2.708808058,77.70238095,10.91920922,0.953571429,2.090628497,"Non-drought",0,"Winter",2,-31.9915067,2.957510874,1.27,"April","Archaea","Archaea (superkingdom)","TACK","Thaumarchaeota","Nitrososphaeria","Nitrososphaerales",NA,NA,NA
"94","Dada55","X16S.19FebCD305",3493345.214,"19FebCD3","CD","C",19,"February","19-Feb","D","05-10 cm",31.05,NA,NA,NA,NA,0.85,NA,5.88,0.46,5.4,NA,80200,5.196428571,2.708808058,77.70238095,10.91920922,0.953571429,2.090628497,"Non-drought",0,"Winter",2,-31.9915067,2.957510874,1.27,"April","Archaea","Archaea (superkingdom)","TACK","Thaumarchaeota","Nitrososphaeria","Ca. Nitrosotaleales","Ca. Nitrosotalea family incertae sedis","Ca. Nitrosotalea",NA
"95","Dada1743","X16S.18OctPD205",3465350.266,"18OctPD2","PD","P",18,"October","18-Oct","D","05-10 cm",57.78364116,683.52,51.42,383.99,248.13,NA,0.11,20.58,1.74,6.3,0.23,888000,11.32258065,3.287567908,76.08602151,8.744084876,1.516129032,3.271095308,"Drought",1,"Autumn",10,-59.32242608,6.521863229,3.12,"March","Archaea","Archaea (superkingdom)","TACK","Thaumarchaeota","Nitrososphaeria","Nitrososphaerales",NA,NA,NA
"96","Dada7572","X16S.18JunPW305",3415794.909,"18JunPW3","PW","P",18,"June","18-Jun","W","05-10 cm",77.8,903.14,84.86,587.32,230.96,6.68,0.51,25.94,6.92,6.97,0.36,6100000,18.56888889,2.326738354,66.12222222,10.96510779,0.836666667,3.00430534,"Drought",0.967,"Summer",6,-11.06094444,2.901433557,4.15,"March","Archaea","Archaea (superkingdom)","TACK","Thaumarchaeota","Nitrososphaeria","Nitrososphaerales",NA,NA,NA
"97","Dada3546","X16S.18JunPD205",3326726.086,"18JunPD2","PD","P",18,"June","18-Jun","D","05-10 cm",69.7,1156.57,85.67,624.15,446.76,43.15,0.17,23.43,1.97,6.49,0.23,175000,18.56888889,2.326738354,66.12222222,10.96510779,0.836666667,3.00430534,"Drought",1,"Summer",6,-59.09927431,4.650930397,2.99,"March","Archaea","Archaea (superkingdom)","TACK","Thaumarchaeota","Nitrososphaeria","Nitrososphaerales",NA,NA,NA
"98","Dada1028","X16S.18JunPD205",3104944.347,"18JunPD2","PD","P",18,"June","18-Jun","D","05-10 cm",69.7,1156.57,85.67,624.15,446.76,43.15,0.17,23.43,1.97,6.49,0.23,175000,18.56888889,2.326738354,66.12222222,10.96510779,0.836666667,3.00430534,"Drought",1,"Summer",6,-59.09927431,4.650930397,2.99,"March","Archaea","Archaea (superkingdom)","TACK","Thaumarchaeota","Nitrososphaeria","Nitrososphaerales",NA,NA,NA
"99","Dada2540","X16S.18JunPD105",3076235.424,"18JunPD1","PD","P",18,"June","18-Jun","D","05-10 cm",70.7,1497.76,125.41,757.69,614.66,5.31,0.38,17.98,2.92,6.49,0.23,643000,18.56888889,2.326738354,66.12222222,10.96510779,0.836666667,3.00430534,"Drought",1,"Summer",6,-59.09927431,4.650930397,3.39,"March","Archaea","Archaea (superkingdom)","TACK","Thaumarchaeota","Nitrososphaeria","Ca. Nitrosopumilales","Nitrosoarchaeum family incertae sedis","Ca. Nitrosoarchaeum","KT453561"
"100","Dada1334","X16S.18DecCD305",3062531.053,"18DecCD3","CD","C",18,"December","18-Dec","D","05-10 cm",26.9,412.2626545,30.62527237,180.0570274,133.3320779,1.4,0,12.3,0.4,NA,NA,779000,4.53655914,2.956265848,86.60215054,6.593722803,1.996774194,2.614508733,"Non-drought",0.194,"Winter",12,-38.4228629,7.643273536,0.36,"Original","Archaea","Archaea (superkingdom)","TACK","Thaumarchaeota","Nitrososphaeria","Nitrososphaerales",NA,NA,NA
"101","Dada1743","X16S.18AprPD305",3052394.319,"18AprPD3","PD","P",18,"April","18-Apr","D","05-10 cm",70.7,794.1834756,204.7464664,420.0790714,100.7102765,6.5,0.1,16.4,0.8,6.04,0.1,466000,10.97777778,4.568686803,72.82222222,12.91876574,1.2,2.579494738,"Non-drought",0,"Spring",4,0.40478125,4.589609735,3.04,"Original","Archaea","Archaea (superkingdom)","TACK","Thaumarchaeota","Nitrososphaeria","Nitrososphaerales",NA,NA,NA
"102","Dada1334","X16S.18OctCD205",2940088.757,"18OctCD2","CD","C",18,"October","18-Oct","D","05-10 cm",27.98913043,429.03,20.12,100.34,308.56,0.07,0.07,6.15,0.35,7.07,0.61,1290000,11.32258065,3.287567908,76.08602151,8.744084876,1.516129032,3.271095308,"Drought",1,"Autumn",10,-69.97016465,3.881221266,0.46,"March","Archaea","Archaea (superkingdom)","TACK","Thaumarchaeota","Nitrososphaeria","Nitrososphaerales",NA,NA,NA
"103","Dada6987","X16S.18OctPW105",2899535.956,"18OctPW1","PW","P",18,"October","18-Oct","W","05-10 cm",81.00263852,1148.01,96.89,678.97,372.2,13.68,0.27,61.28,27.41,6.89,0.51,77200000,11.32258065,3.287567908,76.08602151,8.744084876,1.516129032,3.271095308,"Drought",0.903,"Autumn",10,-15.95615591,5.782744408,3.97,"March","Archaea","Archaea (superkingdom)","TACK","Thaumarchaeota","Nitrososphaeria","Nitrososphaerales",NA,NA,NA
"104","Dada3546","X16S.18AprPD205",2815152.142,"18AprPD2","PD","P",18,"April","18-Apr","D","05-10 cm",75.6,763.42,171.9266667,455.2739394,76.98060606,4.6,0.3,4.2,0.6,6.04,0.1,541000,10.97777778,4.568686803,72.82222222,12.91876574,1.2,2.579494738,"Non-drought",0,"Spring",4,0.40478125,4.589609735,4.4,"Original","Archaea","Archaea (superkingdom)","TACK","Thaumarchaeota","Nitrososphaeria","Nitrososphaerales",NA,NA,NA
"105","Dada1334","X16S.18DecPW105",2675443.17,"18DecPW1","PW","P",18,"December","18-Dec","W","05-10 cm",83.7,958.6739026,101.0820855,687.2932232,134.4633526,8.7,0.3,23.8,10.2,NA,NA,1.94e+08,4.53655914,2.956265848,86.60215054,6.593722803,1.996774194,2.614508733,"Non-drought",0,"Winter",12,3.96905578,1.187272695,3.32,"Original","Archaea","Archaea (superkingdom)","TACK","Thaumarchaeota","Nitrososphaeria","Nitrososphaerales",NA,NA,NA
"106","Dada6987","X16S.18AugPW105",2565431.459,"18AugPW1","PW","P",18,"August","18-Aug","W","05-10 cm",80.31027668,1795.628162,101.6370208,426.4043225,1119.781747,6.8,0.1,16.8,11.5,6.85,0.41,49700000,20.72795699,3.297677036,63.95698925,8.49171358,1.151612903,2.477077709,"Drought",1,"Summer",8,-20.9099496,5.635844392,4.22,"Original","Archaea","Archaea (superkingdom)","TACK","Thaumarchaeota","Nitrososphaeria","Nitrososphaerales",NA,NA,NA
"107","Dada6987","X16S.18AprPW105",2527466.106,"18AprPW1","PW","P",18,"April","18-Apr","W","05-10 cm",84.4,1302.3744,176.2176,584.4864,359.9232,2.9,0.1,28.8,4.1,6.56,0.54,4.2e+07,10.97777778,4.568686803,72.82222222,12.91876574,1.2,2.579494738,"Non-drought",0,"Spring",4,6.895236111,2.425894151,3.29,"Original","Archaea","Archaea (superkingdom)","TACK","Thaumarchaeota","Nitrososphaeria","Nitrososphaerales",NA,NA,NA
"108","Dada1334","X16S.18AprPW205",2457744.754,"18AprPW2","PW","P",18,"April","18-Apr","W","05-10 cm",78.4,841.3329951,92.52824637,330.979275,307.1648106,4.2,0.1,13.4,4.8,6.56,0.54,18700000,10.97777778,4.568686803,72.82222222,12.91876574,1.2,2.579494738,"Non-drought",0,"Spring",4,6.895236111,2.425894151,3.71,"Original","Archaea","Archaea (superkingdom)","TACK","Thaumarchaeota","Nitrososphaeria","Nitrososphaerales",NA,NA,NA
"109","Dada6987","X16S.19FebPW205",2450196.504,"19FebPW2","PW","P",19,"February","19-Feb","W","05-10 cm",74.72,NA,NA,NA,NA,0.84,NA,14.32,8.55,6.94,NA,56200000,5.196428571,2.708808058,77.70238095,10.91920922,0.953571429,2.090628497,"Non-drought",0,"Winter",2,4.995372024,0.416214823,3.53,"April","Archaea","Archaea (superkingdom)","TACK","Thaumarchaeota","Nitrososphaeria","Nitrososphaerales",NA,NA,NA
"110","Dada55","X16S.19FebPD205",2415051.952,"19FebPD2","PD","P",19,"February","19-Feb","D","05-10 cm",64.83,NA,NA,NA,NA,54.82,NA,8.05,1.89,6.32,NA,2400000,5.196428571,2.708808058,77.70238095,10.91920922,0.953571429,2.090628497,"Non-drought",0,"Winter",2,-10.1771503,3.441690968,3.74,"April","Archaea","Archaea (superkingdom)","TACK","Thaumarchaeota","Nitrososphaeria","Ca. Nitrosotaleales","Ca. Nitrosotalea family incertae sedis","Ca. Nitrosotalea",NA
"111","Dada1334","X16S.18AprCD105",2078939.44,"18AprCD1","CD","C",18,"April","18-Apr","D","05-10 cm",57.1,555.8528827,104.0397614,221.1888668,173.3717694,0.7,0,56.4,0.2,5.92,1.35,984000,10.97777778,4.568686803,72.82222222,12.91876574,1.2,2.579494738,"Non-drought",0,"Spring",4,-16.98940972,6.021313508,0.22,"Original","Archaea","Archaea (superkingdom)","TACK","Thaumarchaeota","Nitrososphaeria","Nitrososphaerales",NA,NA,NA
"112","Dada1987","X16S.18JunPW105",1883960.458,"18JunPW1","PW","P",18,"June","18-Jun","W","05-10 cm",79.1,4883.26,166.37,394.33,4322.51,0.24,0.29,54.63,10.83,6.97,0.36,11600000,18.56888889,2.326738354,66.12222222,10.96510779,0.836666667,3.00430534,"Drought",0.967,"Summer",6,-11.06094444,2.901433557,3.84,"March","Archaea","Archaea (superkingdom)","TACK","Thaumarchaeota","Nitrososphaeria","Nitrososphaerales",NA,NA,NA
"113","Dada2820","X16S.18AugPD105",1855593.416,"18AugPD1","PD","P",18,"August","18-Aug","D","05-10 cm",71.65384615,723.6720788,121.5518288,483.4089088,95.0616518,169.4,0.1,13.7,4.5,6.4,0.24,589000,20.72795699,3.297677036,63.95698925,8.49171358,1.151612903,2.477077709,"Drought",1,"Summer",8,-68.49962702,8.743766467,4.75,"Original","Archaea","Archaea (superkingdom)","TACK","Thaumarchaeota","Nitrososphaeria","Nitrososphaerales",NA,NA,NA
"114","Dada2820","X16S.18JunPW105",1816676.155,"18JunPW1","PW","P",18,"June","18-Jun","W","05-10 cm",79.1,4883.26,166.37,394.33,4322.51,0.24,0.29,54.63,10.83,6.97,0.36,11600000,18.56888889,2.326738354,66.12222222,10.96510779,0.836666667,3.00430534,"Drought",0.967,"Summer",6,-11.06094444,2.901433557,3.84,"March","Archaea","Archaea (superkingdom)","TACK","Thaumarchaeota","Nitrososphaeria","Nitrososphaerales",NA,NA,NA
"115","Dada575","X16S.18AprPD205",1759470.089,"18AprPD2","PD","P",18,"April","18-Apr","D","05-10 cm",75.6,763.42,171.9266667,455.2739394,76.98060606,4.6,0.3,4.2,0.6,6.04,0.1,541000,10.97777778,4.568686803,72.82222222,12.91876574,1.2,2.579494738,"Non-drought",0,"Spring",4,0.40478125,4.589609735,4.4,"Original","Archaea","Archaea (superkingdom)","TACK","Thaumarchaeota","Nitrososphaeria","Ca. Nitrosopumilales",NA,NA,NA
"116","Dada1743","X16S.19FebPD205",1744204.187,"19FebPD2","PD","P",19,"February","19-Feb","D","05-10 cm",64.83,NA,NA,NA,NA,54.82,NA,8.05,1.89,6.32,NA,2400000,5.196428571,2.708808058,77.70238095,10.91920922,0.953571429,2.090628497,"Non-drought",0,"Winter",2,-10.1771503,3.441690968,3.74,"April","Archaea","Archaea (superkingdom)","TACK","Thaumarchaeota","Nitrososphaeria","Nitrososphaerales",NA,NA,NA
"117","Dada1028","X16S.19FebPW205",1531372.815,"19FebPW2","PW","P",19,"February","19-Feb","W","05-10 cm",74.72,NA,NA,NA,NA,0.84,NA,14.32,8.55,6.94,NA,56200000,5.196428571,2.708808058,77.70238095,10.91920922,0.953571429,2.090628497,"Non-drought",0,"Winter",2,4.995372024,0.416214823,3.53,"April","Archaea","Archaea (superkingdom)","TACK","Thaumarchaeota","Nitrososphaeria","Nitrososphaerales",NA,NA,NA
"118","Dada1743","X16S.18JunPD205",1375046.782,"18JunPD2","PD","P",18,"June","18-Jun","D","05-10 cm",69.7,1156.57,85.67,624.15,446.76,43.15,0.17,23.43,1.97,6.49,0.23,175000,18.56888889,2.326738354,66.12222222,10.96510779,0.836666667,3.00430534,"Drought",1,"Summer",6,-59.09927431,4.650930397,2.99,"March","Archaea","Archaea (superkingdom)","TACK","Thaumarchaeota","Nitrososphaeria","Nitrososphaerales",NA,NA,NA
"119","Dada1334","X16S.18AprCD305",1372479.029,"18AprCD3","CD","C",18,"April","18-Apr","D","05-10 cm",54,364.2181054,77.28429423,117.4032113,150.2678198,0.4,0,17.4,0.1,5.92,1.35,262000,10.97777778,4.568686803,72.82222222,12.91876574,1.2,2.579494738,"Non-drought",0,"Spring",4,-16.98940972,6.021313508,0.72,"Original","Archaea","Archaea (superkingdom)","TACK","Thaumarchaeota","Nitrososphaeria","Nitrososphaerales",NA,NA,NA
"120","Dada1338","X16S.18AprPW305",1297234.898,"18AprPW3","PW","P",18,"April","18-Apr","W","05-10 cm",80.2,894.717688,101.0910891,464.1423067,209.0276693,7.2,0.1,21.3,6,6.56,0.54,11300000,10.97777778,4.568686803,72.82222222,12.91876574,1.2,2.579494738,"Non-drought",0,"Spring",4,6.895236111,2.425894151,3.61,"Original","Archaea","Archaea (superkingdom)","TACK","Thaumarchaeota","Nitrososphaeria","Nitrososphaerales",NA,NA,NA
"121","Dada1334","X16S.18OctCD305",1231920.866,"18OctCD3","CD","C",18,"October","18-Oct","D","05-10 cm",26.40264026,316.77,15.97,218.23,82.56,0.41,0.07,6.86,0.29,7.07,0.61,361000,11.32258065,3.287567908,76.08602151,8.744084876,1.516129032,3.271095308,"Drought",1,"Autumn",10,-69.97016465,3.881221266,0.61,"March","Archaea","Archaea (superkingdom)","TACK","Thaumarchaeota","Nitrososphaeria","Nitrososphaerales",NA,NA,NA
"122","Dada6987","X16S.19FebPW105",1144798.665,"19FebPW1","PW","P",19,"February","19-Feb","W","05-10 cm",83.85,NA,NA,NA,NA,2.02,NA,20.17,7.26,6.94,NA,13300000,5.196428571,2.708808058,77.70238095,10.91920922,0.953571429,2.090628497,"Non-drought",0,"Winter",2,4.995372024,0.416214823,3.37,"April","Archaea","Archaea (superkingdom)","TACK","Thaumarchaeota","Nitrososphaeria","Nitrososphaerales",NA,NA,NA
"123","Dada55","X16S.19FebPD305",1115555.304,"19FebPD3","PD","P",19,"February","19-Feb","D","05-10 cm",62.06,NA,NA,NA,NA,38.6,NA,8.64,3.08,6.32,NA,1470000,5.196428571,2.708808058,77.70238095,10.91920922,0.953571429,2.090628497,"Non-drought",0,"Winter",2,-10.1771503,3.441690968,3.43,"April","Archaea","Archaea (superkingdom)","TACK","Thaumarchaeota","Nitrososphaeria","Ca. Nitrosotaleales","Ca. Nitrosotalea family incertae sedis","Ca. Nitrosotalea",NA
"124","Dada92","X16S.19FebPD305",1115555.304,"19FebPD3","PD","P",19,"February","19-Feb","D","05-10 cm",62.06,NA,NA,NA,NA,38.6,NA,8.64,3.08,6.32,NA,1470000,5.196428571,2.708808058,77.70238095,10.91920922,0.953571429,2.090628497,"Non-drought",0,"Winter",2,-10.1771503,3.441690968,3.43,"April","Archaea","Archaea (superkingdom)","TACK","Thaumarchaeota","Nitrososphaeria","Nitrososphaerales",NA,NA,NA
"125","Dada1334","X16S.18AprPD305",1056598.034,"18AprPD3","PD","P",18,"April","18-Apr","D","05-10 cm",70.7,794.1834756,204.7464664,420.0790714,100.7102765,6.5,0.1,16.4,0.8,6.04,0.1,466000,10.97777778,4.568686803,72.82222222,12.91876574,1.2,2.579494738,"Non-drought",0,"Spring",4,0.40478125,4.589609735,3.04,"Original","Archaea","Archaea (superkingdom)","TACK","Thaumarchaeota","Nitrososphaeria","Nitrososphaerales",NA,NA,NA
"126","Dada55","X16S.18AprPD305",939198.2521,"18AprPD3","PD","P",18,"April","18-Apr","D","05-10 cm",70.7,794.1834756,204.7464664,420.0790714,100.7102765,6.5,0.1,16.4,0.8,6.04,0.1,466000,10.97777778,4.568686803,72.82222222,12.91876574,1.2,2.579494738,"Non-drought",0,"Spring",4,0.40478125,4.589609735,3.04,"Original","Archaea","Archaea (superkingdom)","TACK","Thaumarchaeota","Nitrososphaeria","Ca. Nitrosotaleales","Ca. Nitrosotalea family incertae sedis","Ca. Nitrosotalea",NA
"127","Dada2820","X16S.18OctPD305",935707.1305,"18OctPD3","PD","P",18,"October","18-Oct","D","05-10 cm",56.03644647,2405.56,110.9,953.85,1340.82,NA,0.24,42.86,4.09,6.3,0.23,760000,11.32258065,3.287567908,76.08602151,8.744084876,1.516129032,3.271095308,"Drought",1,"Autumn",10,-59.32242608,6.521863229,2.97,"March","Archaea","Archaea (superkingdom)","TACK","Thaumarchaeota","Nitrososphaeria","Nitrososphaerales",NA,NA,NA
"128","Dada575","X16S.18OctPW105",869860.7868,"18OctPW1","PW","P",18,"October","18-Oct","W","05-10 cm",81.00263852,1148.01,96.89,678.97,372.2,13.68,0.27,61.28,27.41,6.89,0.51,77200000,11.32258065,3.287567908,76.08602151,8.744084876,1.516129032,3.271095308,"Drought",0.903,"Autumn",10,-15.95615591,5.782744408,3.97,"March","Archaea","Archaea (superkingdom)","TACK","Thaumarchaeota","Nitrososphaeria","Ca. Nitrosopumilales",NA,NA,NA
"129","Dada2654","X16S.18AprPW305",827546.4007,"18AprPW3","PW","P",18,"April","18-Apr","W","05-10 cm",80.2,894.717688,101.0910891,464.1423067,209.0276693,7.2,0.1,21.3,6,6.56,0.54,11300000,10.97777778,4.568686803,72.82222222,12.91876574,1.2,2.579494738,"Non-drought",0,"Spring",4,6.895236111,2.425894151,3.61,"Original","Archaea","Archaea (superkingdom)","TACK","Thaumarchaeota","Nitrososphaeria","Nitrososphaerales",NA,NA,NA
"130","Dada5998","X16S.19FebCD205",786749.7666,"19FebCD2","CD","C",19,"February","19-Feb","D","05-10 cm",36.16,NA,NA,NA,NA,11.55,NA,52.22,0.52,5.4,NA,98600,5.196428571,2.708808058,77.70238095,10.91920922,0.953571429,2.090628497,"Non-drought",0,"Winter",2,-31.9915067,2.957510874,1.42,"April","Archaea","Archaea (superkingdom)","TACK","Thaumarchaeota","Nitrososphaeria","Ca. Nitrosotaleales",NA,NA,NA
"131","Dada5506","X16S.18AprPW305",715715.806,"18AprPW3","PW","P",18,"April","18-Apr","W","05-10 cm",80.2,894.717688,101.0910891,464.1423067,209.0276693,7.2,0.1,21.3,6,6.56,0.54,11300000,10.97777778,4.568686803,72.82222222,12.91876574,1.2,2.579494738,"Non-drought",0,"Spring",4,6.895236111,2.425894151,3.61,"Original","Archaea","Archaea (superkingdom)","TACK","Thaumarchaeota","Nitrososphaeria","Nitrososphaerales",NA,NA,NA
"132","Dada80","X16S.19FebCD105",621997.424,"19FebCD1","CD","C",19,"February","19-Feb","D","05-10 cm",42.17,NA,NA,NA,NA,0.94,NA,12.81,0.87,5.4,NA,NA,5.196428571,2.708808058,77.70238095,10.91920922,0.953571429,2.090628497,"Non-drought",0,"Winter",2,-31.9915067,2.957510874,0.25,"April","Archaea","Archaea (superkingdom)","TACK","Thaumarchaeota","Nitrososphaeria","Ca. Nitrosotaleales","Ca. Nitrosotalea family incertae sedis","Ca. Nitrosotalea",NA
"133","Dada1338","X16S.19FebPW305",576187.4917,"19FebPW3","PW","P",19,"February","19-Feb","W","05-10 cm",80.78,NA,NA,NA,NA,8.75,NA,41.58,24.78,6.94,NA,15600000,5.196428571,2.708808058,77.70238095,10.91920922,0.953571429,2.090628497,"Non-drought",0,"Winter",2,4.995372024,0.416214823,3.87,"April","Archaea","Archaea (superkingdom)","TACK","Thaumarchaeota","Nitrososphaeria","Nitrososphaerales",NA,NA,NA
"134","Dada30633","X16S.18OctPD205",486364.9496,"18OctPD2","PD","P",18,"October","18-Oct","D","05-10 cm",57.78364116,683.52,51.42,383.99,248.13,NA,0.11,20.58,1.74,6.3,0.23,888000,11.32258065,3.287567908,76.08602151,8.744084876,1.516129032,3.271095308,"Drought",1,"Autumn",10,-59.32242608,6.521863229,3.12,"March","Archaea","Archaea (superkingdom)","TACK","Thaumarchaeota","Nitrososphaeria","Nitrososphaerales",NA,NA,NA
"135","Dada5506","X16S.18JunPW305",426974.3636,"18JunPW3","PW","P",18,"June","18-Jun","W","05-10 cm",77.8,903.14,84.86,587.32,230.96,6.68,0.51,25.94,6.92,6.97,0.36,6100000,18.56888889,2.326738354,66.12222222,10.96510779,0.836666667,3.00430534,"Drought",0.967,"Summer",6,-11.06094444,2.901433557,4.15,"March","Archaea","Archaea (superkingdom)","TACK","Thaumarchaeota","Nitrososphaeria","Nitrososphaerales",NA,NA,NA
"136","Dada2654","X16S.19FebPW305",396596.5852,"19FebPW3","PW","P",19,"February","19-Feb","W","05-10 cm",80.78,NA,NA,NA,NA,8.75,NA,41.58,24.78,6.94,NA,15600000,5.196428571,2.708808058,77.70238095,10.91920922,0.953571429,2.090628497,"Non-drought",0,"Winter",2,4.995372024,0.416214823,3.87,"April","Archaea","Archaea (superkingdom)","TACK","Thaumarchaeota","Nitrososphaeria","Nitrososphaerales",NA,NA,NA
"137","Dada7180","X16S.18AprCD205",331283.6369,"18AprCD2","CD","C",18,"April","18-Apr","D","05-10 cm",50,353.1850394,70.39370079,99.28346457,152.3976378,0.4,0,21.1,0.1,5.92,1.35,170000,10.97777778,4.568686803,72.82222222,12.91876574,1.2,2.579494738,"Non-drought",0,"Spring",4,-16.98940972,6.021313508,1.46,"Original","Archaea","Archaea (superkingdom)","TACK","Thaumarchaeota","Nitrososphaeria","Ca. Nitrosotaleales",NA,NA,NA
"138","Dada575","X16S.18OctPD305",311902.3768,"18OctPD3","PD","P",18,"October","18-Oct","D","05-10 cm",56.03644647,2405.56,110.9,953.85,1340.82,NA,0.24,42.86,4.09,6.3,0.23,760000,11.32258065,3.287567908,76.08602151,8.744084876,1.516129032,3.271095308,"Drought",1,"Autumn",10,-59.32242608,6.521863229,2.97,"March","Archaea","Archaea (superkingdom)","TACK","Thaumarchaeota","Nitrososphaeria","Ca. Nitrosopumilales",NA,NA,NA
"139","Dada1334","X16S.18JunCD205",272481.6525,"18JunCD2","CD","C",18,"June","18-Jun","D","05-10 cm",62.8,1545.34,98.4,394.79,1052.14,0.28,0.14,46.47,1.64,6.28,2.13,NA,18.56888889,2.326738354,66.12222222,10.96510779,0.836666667,3.00430534,"Drought",1,"Summer",6,-65.02782292,4.960389042,0.09,"March","Archaea","Archaea (superkingdom)","TACK","Thaumarchaeota","Nitrososphaeria","Nitrososphaerales",NA,NA,NA
"140","Dada1743","X16S.18JunPD305",271349.9865,"18JunPD3","PD","P",18,"June","18-Jun","D","05-10 cm",63.2,1438.95,100.03,742.41,596.53,14.79,0.21,20.6,2.48,6.49,0.23,575000,18.56888889,2.326738354,66.12222222,10.96510779,0.836666667,3.00430534,"Drought",1,"Summer",6,-59.09927431,4.650930397,2.88,"March","Archaea","Archaea (superkingdom)","TACK","Thaumarchaeota","Nitrososphaeria","Nitrososphaerales",NA,NA,NA
"141","Dada3546","X16S.18JunPD305",271349.9865,"18JunPD3","PD","P",18,"June","18-Jun","D","05-10 cm",63.2,1438.95,100.03,742.41,596.53,14.79,0.21,20.6,2.48,6.49,0.23,575000,18.56888889,2.326738354,66.12222222,10.96510779,0.836666667,3.00430534,"Drought",1,"Summer",6,-59.09927431,4.650930397,2.88,"March","Archaea","Archaea (superkingdom)","TACK","Thaumarchaeota","Nitrososphaeria","Nitrososphaerales",NA,NA,NA
"142","Dada55","X16S.18JunPD305",257552.5295,"18JunPD3","PD","P",18,"June","18-Jun","D","05-10 cm",63.2,1438.95,100.03,742.41,596.53,14.79,0.21,20.6,2.48,6.49,0.23,575000,18.56888889,2.326738354,66.12222222,10.96510779,0.836666667,3.00430534,"Drought",1,"Summer",6,-59.09927431,4.650930397,2.88,"March","Archaea","Archaea (superkingdom)","TACK","Thaumarchaeota","Nitrososphaeria","Ca. Nitrosotaleales","Ca. Nitrosotalea family incertae sedis","Ca. Nitrosotalea",NA
"143","Dada5998","X16S.18AprCD205",242941.3337,"18AprCD2","CD","C",18,"April","18-Apr","D","05-10 cm",50,353.1850394,70.39370079,99.28346457,152.3976378,0.4,0,21.1,0.1,5.92,1.35,170000,10.97777778,4.568686803,72.82222222,12.91876574,1.2,2.579494738,"Non-drought",0,"Spring",4,-16.98940972,6.021313508,1.46,"Original","Archaea","Archaea (superkingdom)","TACK","Thaumarchaeota","Nitrososphaeria","Ca. Nitrosotaleales",NA,NA,NA
"144","Dada575","X16S.19FebPW105",228959.7331,"19FebPW1","PW","P",19,"February","19-Feb","W","05-10 cm",83.85,NA,NA,NA,NA,2.02,NA,20.17,7.26,6.94,NA,13300000,5.196428571,2.708808058,77.70238095,10.91920922,0.953571429,2.090628497,"Non-drought",0,"Winter",2,4.995372024,0.416214823,3.37,"April","Archaea","Archaea (superkingdom)","TACK","Thaumarchaeota","Nitrososphaeria","Ca. Nitrosopumilales",NA,NA,NA
"145","Dada1028","X16S.18JunPD305",197763.5495,"18JunPD3","PD","P",18,"June","18-Jun","D","05-10 cm",63.2,1438.95,100.03,742.41,596.53,14.79,0.21,20.6,2.48,6.49,0.23,575000,18.56888889,2.326738354,66.12222222,10.96510779,0.836666667,3.00430534,"Drought",1,"Summer",6,-59.09927431,4.650930397,2.88,"March","Archaea","Archaea (superkingdom)","TACK","Thaumarchaeota","Nitrososphaeria","Nitrososphaerales",NA,NA,NA
"146","Dada1334","X16S.18AugCD205",151666.841,"18AugCD2","CD","C",18,"August","18-Aug","D","05-10 cm",24.93950178,307.7757829,31.0931554,129.6669482,107.4323785,0.7,0,7.8,0.2,6.96,1.51,63500,20.72795699,3.297677036,63.95698925,8.49171358,1.151612903,2.477077709,"Drought",1,"Summer",8,-81.96047439,6.347956157,0.4,"Original","Archaea","Archaea (superkingdom)","TACK","Thaumarchaeota","Nitrososphaeria","Nitrososphaerales",NA,NA,NA
"147","Dada6987","X16S.18JunPW305",142324.7879,"18JunPW3","PW","P",18,"June","18-Jun","W","05-10 cm",77.8,903.14,84.86,587.32,230.96,6.68,0.51,25.94,6.92,6.97,0.36,6100000,18.56888889,2.326738354,66.12222222,10.96510779,0.836666667,3.00430534,"Drought",0.967,"Summer",6,-11.06094444,2.901433557,4.15,"March","Archaea","Archaea (superkingdom)","TACK","Thaumarchaeota","Nitrososphaeria","Nitrososphaerales",NA,NA,NA
"148","Dada5506","X16S.19FebPW305",127210.2254,"19FebPW3","PW","P",19,"February","19-Feb","W","05-10 cm",80.78,NA,NA,NA,NA,8.75,NA,41.58,24.78,6.94,NA,15600000,5.196428571,2.708808058,77.70238095,10.91920922,0.953571429,2.090628497,"Non-drought",0,"Winter",2,4.995372024,0.416214823,3.87,"April","Archaea","Archaea (superkingdom)","TACK","Thaumarchaeota","Nitrososphaeria","Nitrososphaerales",NA,NA,NA
"149","Dada7572","X16S.19FebPW305",112244.3166,"19FebPW3","PW","P",19,"February","19-Feb","W","05-10 cm",80.78,NA,NA,NA,NA,8.75,NA,41.58,24.78,6.94,NA,15600000,5.196428571,2.708808058,77.70238095,10.91920922,0.953571429,2.090628497,"Non-drought",0,"Winter",2,4.995372024,0.416214823,3.87,"April","Archaea","Archaea (superkingdom)","TACK","Thaumarchaeota","Nitrososphaeria","Nitrososphaerales",NA,NA,NA
"150","Dada1338","X16S.18DecPW305",42176.24059,"18DecPW3","PW","P",18,"December","18-Dec","W","05-10 cm",76.6,612.7714106,55.71104231,432.1735304,64.49566758,10,0.2,12.3,5.1,NA,NA,2.5e+07,4.53655914,2.956265848,86.60215054,6.593722803,1.996774194,2.614508733,"Non-drought",0,"Winter",12,3.96905578,1.187272695,3.7,"Original","Archaea","Archaea (superkingdom)","TACK","Thaumarchaeota","Nitrososphaeria","Nitrososphaerales",NA,NA,NA
"151","Dada2654","X16S.18DecPW305",24700.82616,"18DecPW3","PW","P",18,"December","18-Dec","W","05-10 cm",76.6,612.7714106,55.71104231,432.1735304,64.49566758,10,0.2,12.3,5.1,NA,NA,2.5e+07,4.53655914,2.956265848,86.60215054,6.593722803,1.996774194,2.614508733,"Non-drought",0,"Winter",12,3.96905578,1.187272695,3.7,"Original","Archaea","Archaea (superkingdom)","TACK","Thaumarchaeota","Nitrososphaeria","Nitrososphaerales",NA,NA,NA
"152","Dada1987","X16S.18DecPW305",23188.53068,"18DecPW3","PW","P",18,"December","18-Dec","W","05-10 cm",76.6,612.7714106,55.71104231,432.1735304,64.49566758,10,0.2,12.3,5.1,NA,NA,2.5e+07,4.53655914,2.956265848,86.60215054,6.593722803,1.996774194,2.614508733,"Non-drought",0,"Winter",12,3.96905578,1.187272695,3.7,"Original","Archaea","Archaea (superkingdom)","TACK","Thaumarchaeota","Nitrososphaeria","Nitrososphaerales",NA,NA,NA
"153","Dada2820","X16S.18JunPD305",22995.76157,"18JunPD3","PD","P",18,"June","18-Jun","D","05-10 cm",63.2,1438.95,100.03,742.41,596.53,14.79,0.21,20.6,2.48,6.49,0.23,575000,18.56888889,2.326738354,66.12222222,10.96510779,0.836666667,3.00430534,"Drought",1,"Summer",6,-59.09927431,4.650930397,2.88,"March","Archaea","Archaea (superkingdom)","TACK","Thaumarchaeota","Nitrososphaeria","Nitrososphaerales",NA,NA,NA
"154","Dada7572","X16S.18DecPW305",13610.65931,"18DecPW3","PW","P",18,"December","18-Dec","W","05-10 cm",76.6,612.7714106,55.71104231,432.1735304,64.49566758,10,0.2,12.3,5.1,NA,NA,2.5e+07,4.53655914,2.956265848,86.60215054,6.593722803,1.996774194,2.614508733,"Non-drought",0,"Winter",12,3.96905578,1.187272695,3.7,"Original","Archaea","Archaea (superkingdom)","TACK","Thaumarchaeota","Nitrososphaeria","Nitrososphaerales",NA,NA,NA
"155","Dada2820","X16S.18DecPW305",11258.19968,"18DecPW3","PW","P",18,"December","18-Dec","W","05-10 cm",76.6,612.7714106,55.71104231,432.1735304,64.49566758,10,0.2,12.3,5.1,NA,NA,2.5e+07,4.53655914,2.956265848,86.60215054,6.593722803,1.996774194,2.614508733,"Non-drought",0,"Winter",12,3.96905578,1.187272695,3.7,"Original","Archaea","Archaea (superkingdom)","TACK","Thaumarchaeota","Nitrososphaeria","Nitrososphaerales",NA,NA,NA
"156","Dada1338","X16S.18OctPW305",9337.748344,"18OctPW3","PW","P",18,"October","18-Oct","W","05-10 cm",80.96885813,1667.78,93.5,471.57,1102.72,22.95,0.4,76.51,66.64,6.89,0.51,69200000,11.32258065,3.287567908,76.08602151,8.744084876,1.516129032,3.271095308,"Drought",0.903,"Autumn",10,-15.95615591,5.782744408,3.29,"March","Archaea","Archaea (superkingdom)","TACK","Thaumarchaeota","Nitrososphaeria","Nitrososphaerales",NA,NA,NA
"157","Dada1334","X16S.18DecPW305",6721.313241,"18DecPW3","PW","P",18,"December","18-Dec","W","05-10 cm",76.6,612.7714106,55.71104231,432.1735304,64.49566758,10,0.2,12.3,5.1,NA,NA,2.5e+07,4.53655914,2.956265848,86.60215054,6.593722803,1.996774194,2.614508733,"Non-drought",0,"Winter",12,3.96905578,1.187272695,3.7,"Original","Archaea","Archaea (superkingdom)","TACK","Thaumarchaeota","Nitrososphaeria","Nitrososphaerales",NA,NA,NA
"158","Dada20745","X16S.18DecPW305",6049.181917,"18DecPW3","PW","P",18,"December","18-Dec","W","05-10 cm",76.6,612.7714106,55.71104231,432.1735304,64.49566758,10,0.2,12.3,5.1,NA,NA,2.5e+07,4.53655914,2.956265848,86.60215054,6.593722803,1.996774194,2.614508733,"Non-drought",0,"Winter",12,3.96905578,1.187272695,3.7,"Original","Archaea","Archaea (superkingdom)","TACK","Thaumarchaeota","Nitrososphaeria","Nitrososphaerales",NA,NA,NA
"159","Dada2654","X16S.18OctPW305",4437.086093,"18OctPW3","PW","P",18,"October","18-Oct","W","05-10 cm",80.96885813,1667.78,93.5,471.57,1102.72,22.95,0.4,76.51,66.64,6.89,0.51,69200000,11.32258065,3.287567908,76.08602151,8.744084876,1.516129032,3.271095308,"Drought",0.903,"Autumn",10,-15.95615591,5.782744408,3.29,"March","Archaea","Archaea (superkingdom)","TACK","Thaumarchaeota","Nitrososphaeria","Nitrososphaerales",NA,NA,NA
"160","Dada1028","X16S.18DecPW305",3528.689452,"18DecPW3","PW","P",18,"December","18-Dec","W","05-10 cm",76.6,612.7714106,55.71104231,432.1735304,64.49566758,10,0.2,12.3,5.1,NA,NA,2.5e+07,4.53655914,2.956265848,86.60215054,6.593722803,1.996774194,2.614508733,"Non-drought",0,"Winter",12,3.96905578,1.187272695,3.7,"Original","Archaea","Archaea (superkingdom)","TACK","Thaumarchaeota","Nitrososphaeria","Nitrososphaerales",NA,NA,NA
"161","Dada1987","X16S.18OctPW305",2847.682119,"18OctPW3","PW","P",18,"October","18-Oct","W","05-10 cm",80.96885813,1667.78,93.5,471.57,1102.72,22.95,0.4,76.51,66.64,6.89,0.51,69200000,11.32258065,3.287567908,76.08602151,8.744084876,1.516129032,3.271095308,"Drought",0.903,"Autumn",10,-15.95615591,5.782744408,3.29,"March","Archaea","Archaea (superkingdom)","TACK","Thaumarchaeota","Nitrososphaeria","Nitrososphaerales",NA,NA,NA
"162","Dada1334","X16S.18OctPW305",1788.07947,"18OctPW3","PW","P",18,"October","18-Oct","W","05-10 cm",80.96885813,1667.78,93.5,471.57,1102.72,22.95,0.4,76.51,66.64,6.89,0.51,69200000,11.32258065,3.287567908,76.08602151,8.744084876,1.516129032,3.271095308,"Drought",0.903,"Autumn",10,-15.95615591,5.782744408,3.29,"March","Archaea","Archaea (superkingdom)","TACK","Thaumarchaeota","Nitrososphaeria","Nitrososphaerales",NA,NA,NA
"163","Dada5506","X16S.18DecPW305",840.1641552,"18DecPW3","PW","P",18,"December","18-Dec","W","05-10 cm",76.6,612.7714106,55.71104231,432.1735304,64.49566758,10,0.2,12.3,5.1,NA,NA,2.5e+07,4.53655914,2.956265848,86.60215054,6.593722803,1.996774194,2.614508733,"Non-drought",0,"Winter",12,3.96905578,1.187272695,3.7,"Original","Archaea","Archaea (superkingdom)","TACK","Thaumarchaeota","Nitrososphaeria","Nitrososphaerales",NA,NA,NA
"164","Dada575","X16S.18DecPW305",840.1641552,"18DecPW3","PW","P",18,"December","18-Dec","W","05-10 cm",76.6,612.7714106,55.71104231,432.1735304,64.49566758,10,0.2,12.3,5.1,NA,NA,2.5e+07,4.53655914,2.956265848,86.60215054,6.593722803,1.996774194,2.614508733,"Non-drought",0,"Winter",12,3.96905578,1.187272695,3.7,"Original","Archaea","Archaea (superkingdom)","TACK","Thaumarchaeota","Nitrososphaeria","Ca. Nitrosopumilales",NA,NA,NA
"165","Dada5506","X16S.18OctPW305",397.3509934,"18OctPW3","PW","P",18,"October","18-Oct","W","05-10 cm",80.96885813,1667.78,93.5,471.57,1102.72,22.95,0.4,76.51,66.64,6.89,0.51,69200000,11.32258065,3.287567908,76.08602151,8.744084876,1.516129032,3.271095308,"Drought",0.903,"Autumn",10,-15.95615591,5.782744408,3.29,"March","Archaea","Archaea (superkingdom)","TACK","Thaumarchaeota","Nitrososphaeria","Nitrososphaerales",NA,NA,NA
"166","Dada6987","X16S.18OctPW305",66.22516556,"18OctPW3","PW","P",18,"October","18-Oct","W","05-10 cm",80.96885813,1667.78,93.5,471.57,1102.72,22.95,0.4,76.51,66.64,6.89,0.51,69200000,11.32258065,3.287567908,76.08602151,8.744084876,1.516129032,3.271095308,"Drought",0.903,"Autumn",10,-15.95615591,5.782744408,3.29,"March","Archaea","Archaea (superkingdom)","TACK","Thaumarchaeota","Nitrososphaeria","Nitrososphaerales",NA,NA,NA
